{
    "totalPassengers": 6923,
    "totalPages": 693,
    "data": [
        {
            "_id": "5f1c59cbfa523c3aa793bff7",
            "name": "Pedra Gonzales",
            "trips": 359,
            "airline": {
                "id": 5,
                "name": "Eva Air",
                "country": "Taiwan",
                "logo": "https://upload.wikimedia.org/wikipedia/en/thumb/e/ed/EVA_Air_logo.svg/250px-EVA_Air_logo.svg.png",
                "slogan": "Sharing the World, Flying Together",
                "head_quaters": "376, Hsin-Nan Rd., Sec. 1, Luzhu, Taoyuan City, Taiwan",
                "website": "www.evaair.com",
                "established": "1989"
            },
            "__v": 0
        },
        {
            "_id": "5f1c59cafa523c3aa793bfa1",
            "name": "Carlos",
            "trips": 649,
            "airline": {
                "id": 6,
                "name": "Qantas",
                "country": "Austrailia",
                "logo": "https://upload.wikimedia.org/wikipedia/en/thumb/0/02/Qantas_Airways_logo_2016.svg/300px-Qantas_Airways_logo_2016.svg.png",
                "slogan": "Spirit of Australia",
                "head_quaters": "Mascot, Sydney, Australia",
                "website": "qantas.com",
                "established": "1920"
            },
            "__v": 0
        },
        {
            "_id": "5f1c59c7fa523c3aa793bea6",
            "name": "Linette Fedora12",
            "trips": 489,
            "airline": [
                {
                    "id": 4,
                    "name": "Emirates",
                    "country": "Dubai",
                    "logo": "https://upload.wikimedia.org/wikipedia/commons/thumb/d/d0/Emirates_logo.svg/150px-Emirates_logo.svg.png",
                    "slogan": "From Dubai to destinations around the world.",
                    "head_quaters": "Garhoud, Dubai, United Arab Emirates",
                    "website": "www.emirates.com/",
                    "established": "1985"
                }
            ],
            "__v": 0
        },
        {
            "_id": "5f1c59cbfa523c3aa793bffb",
            "name": "John Doe",
            "trips": 677,
            "airline": {
                "id": 9,
                "name": "Japan Airlines",
                "country": "Japan",
                "logo": "https://upload.wikimedia.org/wikipedia/en/thumb/d/dd/Japan_Airlines_Logo_%282011%29.svg/300px-Japan_Airlines_Logo_%282011%29.svg.png",
                "slogan": "Fly into tomorrow",
                "head_quaters": "Shinagawa, Tokyo, Japan",
                "website": "www.jal.com",
                "established": "1951"
            },
            "__v": 0
        },
        {
            "_id": "5f1c59c7fa523c3aa793beab",
            "name": "Smith",
            "trips": 111,
            "airline": {
                "id": 8,
                "name": "Thai Airways",
                "country": "Thailand",
                "logo": "https://upload.wikimedia.org/wikipedia/en/thumb/5/58/Thai_Airways_Logo.svg/200px-Thai_Airways_Logo.svg.png",
                "slogan": "Smooth as Silk / I Fly THAI",
                "head_quaters": "Jom Phol Subdistrict, Chatuchak, Bangkok, Thailand",
                "website": "www.thaiairways.com",
                "established": "1960"
            },
            "__v": 0
        },
        {
            "_id": "5f1c59cafa523c3aa793bfea",
            "name": "Shubham",
            "trips": 418,
            "airline": {
                "id": 9,
                "name": "Japan Airlines",
                "country": "Japan",
                "logo": "https://upload.wikimedia.org/wikipedia/en/thumb/d/dd/Japan_Airlines_Logo_%282011%29.svg/300px-Japan_Airlines_Logo_%282011%29.svg.png",
                "slogan": "Fly into tomorrow",
                "head_quaters": "Shinagawa, Tokyo, Japan",
                "website": "www.jal.com",
                "established": "1951"
            },
            "__v": 0
        },
        {
            "_id": "5f1c59cafa523c3aa793bfa5",
            "name": "John Doe",
            "trips": 116,
            "airline": {
                "id": 4,
                "name": "Emirates",
                "country": "Dubai",
                "logo": "https://upload.wikimedia.org/wikipedia/commons/thumb/d/d0/Emirates_logo.svg/150px-Emirates_logo.svg.png",
                "slogan": "From Dubai to destinations around the world.",
                "head_quaters": "Garhoud, Dubai, United Arab Emirates",
                "website": "www.emirates.com/",
                "established": "1985"
            },
            "__v": 0
        },
        {
            "_id": "5f1c59cafa523c3aa793bfee",
            "name": "Michael",
            "trips": 116,
            "airline": {
                "id": 1,
                "name": "Quatar Airways",
                "country": "Quatar",
                "logo": "https://upload.wikimedia.org/wikipedia/en/thumb/9/9b/Qatar_Airways_Logo.svg/300px-Qatar_Airways_Logo.svg.png",
                "slogan": "Going Places Together",
                "head_quaters": "Qatar Airways Towers, Doha, Qatar",
                "website": "www.qatarairways.com",
                "established": "1994"
            },
            "__v": 0
        },
        {
            "_id": "5f1c59c7fa523c3aa793beb0",
            "name": "John Doe",
            "trips": 173,
            "airline": {
                "id": 2,
                "name": "Singapore Airlines",
                "country": "Singapore",
                "logo": "https://upload.wikimedia.org/wikipedia/en/thumb/6/6b/Singapore_Airlines_Logo_2.svg/250px-Singapore_Airlines_Logo_2.svg.png",
                "slogan": "A Great Way to Fly",
                "head_quaters": "Airline House, 25 Airline Road, Singapore 819829",
                "website": "www.singaporeair.com",
                "established": "1947"
            },
            "__v": 0
        },
        {
            "_id": "5f1c59cbfa523c3aa793c007",
            "name": "Juliette Goebel",
            "trips": 673,
            "airline": {
                "id": 6,
                "name": "Qantas",
                "country": "Austrailia",
                "logo": "https://upload.wikimedia.org/wikipedia/en/thumb/0/02/Qantas_Airways_logo_2016.svg/300px-Qantas_Airways_logo_2016.svg.png",
                "slogan": "Spirit of Australia",
                "head_quaters": "Mascot, Sydney, Australia",
                "website": "qantas.com",
                "established": "1920"
            },
            "__v": 0
        }
    ]
}